HUC8,NAME,NEW NAME
15050305,Aguirre Valley,Aguirre Valley
14080104,Animas,Animas
15040003,Animas Valley,Animas Valley
15070102,Aqua Fria,Aqua Fria
15060201,Big Chino-Williamson Valley,Big Chino-Williamson Valley
15030201,Big Sandy,Big Sandy Low
14040104,Big Sandy,Big Sandy High
15030204,Bill Williams,Bill Williams
14040105,Bitter,Bitter
15060101,Black,Black
14040107,Blacks Fork,Blacks Fork
14080103,Blanco Canyon,Blanco Canyon
14010002,Blue,Blue
15030105,Bouse Wash,Bouse Wash
15050304,Brawley Wash,Brawley Wash
15030202,Burro,Burro
15020015,Canyon Diablo,Canyon Diablo
15060104,Carrizo,Carrizo
15020003,Carrizo Wash,Carrizo Wash
15070104,Centennial Wash,Centennial Wash
14080106,Chaco,Chaco
15020010,Chevelon Canyon,Chevelon Canyon
14080204,Chinle,Chinle
14010001,Colorado Headwaters,Colorado Headwaters
14010005,Colorado Headwaters-Plateau,Colorado Headwaters-Plateau
15020012,Corn-Oraibi,Corn-Oraibi
15020011,Cottonwood Wash,Cottonwood Wash
15010014,Detrital Wash,Detrital Wash
15020017,Dinnebito Wash,Dinnebito Wash
14070004,Dirty Devil,Dirty Devil
14060003,Duchesne,Duchesne
14010003,Eagle,Eagle
14020001,East-Taylor,East-Taylor
14070005,Escalante,Escalante
15010009,Fort Pearce Wash,Fort Pearce Wash
14070003,Fremont,Fremont
15010002,Grand Canyon,Grand Canyon
15010006,Grand Wash,Grand Wash
15070103,Hassayampa,Hassayampa
15010004,Havasu Canyon,Havasu Canyon
15030101,Havasu-Mohave Lakes,Havasu-Mohave Lakes
15030104,Imperial Reservoir,Imperial Reservoir
15020014,Jadito Wash,Jadito Wash
15010003,Kanab,Kanab
15010005,Lake Mead,Lake Mead
15010015,Las Vegas Wash,Las Vegas Wash
15020009,Leroux Wash,Leroux Wash
15020001,Little Colorado Headwaters,Little Colorado Headwaters
14050003,Little Snake,Little Snake
15010001,Lower Colorado-Marble Canyon,Lower Colorado-Marble Canyon
14030004,Lower Dolores,Lower Dolores
15070201,Lower Gila,Lower Gila
15070101,Lower Gila-Painted Rock Reservoir,Lower Gila-Painted Rock Reservoir
14060008,Lower Green,Lower Green
14060005,Lower Green-Desolation Canyon,Lower Green-Desolation Canyon
14060010,Lower Green-Diamond,Lower Green-Diamond
14020005,Lower Gunnison,Lower Gunnison
14070006,Lower Lake Powell,Lower Lake Powell
15020016,Lower Little Colorado,Lower Little Colorado
15020007,Lower Puerco,Lower Puerco
15060106,Lower Salt,Lower Salt
14080205,Lower San Juan,Lower San Juan
14080201,Lower San Juan-Four Corners,Lower San Juan-Four Corners
15050203,Lower San Pedro,Lower San Pedro
15050303,Lower Santa Cruz,Lower Santa Cruz
15060203,Lower Verde,Lower Verde
15010010,Lower Virgin,Lower Virgin
14050007,Lower White,Lower White
14050002,Lower Yampa,Lower Yampa
14080107,Mancos,Mancos
14080202,McElmo,McElmo
15010013,Meadow Valley Wash,Meadow Valley Wash
15050100,Middle Gila,Middle Gila
15020008,Middle Little Colorado,Middle Little Colorado
14080105,Middle San Juan,Middle San Juan
15020018,Moenkopi Wash,Moenkopi Wash
14080203,Montezuma,Montezuma
14040108,Muddy,Muddy One
14070002,Muddy,Muddy Two
15010012,Muddy,Muddy Three
14050004,Muddy,Muddy Four
14040102,New Fork,New Fork
14020004,North Fork Gunnison,North Fork Gunnison
14070007,Paria,Paria
14050006,Piceance-Yellow,Piceance-Yellow
14080102,Piedra,Piedra
15030102,Piute Wash,Piute Wash
15020013,Polacca Wash,Polacca Wash
14060007,Price,Price
15010007,Red Lake,Red Lake
15050302,Rillito,Rillito
14010004,Roaring Fork,Roaring Fork
15030103,Sacramento Wash,Sacramento Wash
15040007,San Carlos,San Carlos
15070203,San Cristobal Wash,San Cristobal Wash
15040004,San Francisco,San Francisco
14030003,San Miguel,San Miguel
14060009,San Rafael,San Rafael
15040006,San Simon,San Simon
15030203,Santa Maria,Santa Maria
15050306,Santa Rosa Wash,Santa Rosa Wash
15020005,Silver,Silver
14060004,Strawberry,Strawberry
15070202,Tenmile Wash,Tenmile Wash
14020003,Tomichi,Tomichi
15060105,Tonto,Tonto
15030106,Tyson Wash,Tyson Wash
14020006,Uncompahgre,Uncompahgre
14030005,Upper Colorado-Kane Springs,Upper Colorado-Kane Springs
14030002,Upper Dolores,Upper Dolores
15040001,Upper Gila,Upper Gila
15040002,Upper Gila-Mangas,Upper Gila-Mangas
15040005,Upper Gila-San Carlos Reservoir,Upper Gila-San Carlos Reservoir
14040101,Upper Green,Upper Green
14040106,Upper Green-Flaming Gorge Reservoir,Upper Green-Flaming Gorge Reservoir
14040103,Upper Green-Slate,Upper Green-Slate
14020002,Upper Gunnison,Upper Gunnison
14070001,Upper Lake Powell,Upper Lake Powell
15020002,Upper Little Colorado,Upper Little Colorado
15020006,Upper Puerco,Upper Puerco
15060103,Upper Salt,Upper Salt
14080101,Upper San Juan,Upper San Juan
15050202,Upper San Pedro,Upper San Pedro
15050301,Upper Santa Cruz,Upper Santa Cruz
15060202,Upper Verde,Upper Verde
15010008,Upper Virgin,Upper Virgin
14050005,Upper White,Upper White
14050001,Upper Yampa,Upper Yampa
14040109,Vermilion,Vermilion
14030001,Westwater Canyon,Westwater Canyon
15060102,White,White One
15010011,White,White Two
14060006,Willow,Willow
15020004,Zuni,Zuni